DELETE FROM CREATURE_AREA;
DELETE FROM HUNTINGEXPERIENCE;
DELETE FROM AREA;
DELETE FROM CREATURE;
DELETE FROM WEAPON;

INSERT INTO AREA (ID, NAME, DESCRIPTION, ACREAGE) VALUES (1, 'Transilvania', 'Area full of valleys and mysterious castles, fortresses.', 103600);
INSERT INTO AREA (ID, NAME, DESCRIPTION, ACREAGE) VALUES (2, 'Chernobyl', 'Fallout area after nuclear disaster.', 1732);
INSERT INTO AREA (ID, NAME, DESCRIPTION, ACREAGE) VALUES (3, 'Borneo', 'Place from where has canibalism spreaded.', 743330);
INSERT INTO AREA (ID, NAME, DESCRIPTION, ACREAGE) VALUES (4, 'Bermuda triangle', 'Mystery place it is easy to get lost or disappear.', 840000);
INSERT INTO AREA (ID, NAME, DESCRIPTION, ACREAGE) VALUES (5, 'Nevada desert', 'Atomic shooting range.', 3500);
INSERT INTO AREA (ID, NAME, DESCRIPTION, ACREAGE) VALUES (6, 'Kongo', 'Midle Africa state.', 342000);
INSERT INTO AREA (ID, NAME, DESCRIPTION, ACREAGE) VALUES (7, 'New York', 'Used to be the most crowded city in USA.', 1214);
ALTER TABLE AREA ALTER COLUMN ID RESTART WITH 8;

INSERT INTO CREATURE (ID, NAME, HEIGHT, WEIGHT, AGILITY) VALUES ( 1, 'Cannibal', 164, 90, 80);
INSERT INTO CREATURE (ID, NAME, HEIGHT, WEIGHT, AGILITY) VALUES ( 2, 'Fallout victim', 170, 67, 69);
INSERT INTO CREATURE (ID, NAME, HEIGHT, WEIGHT, AGILITY) VALUES ( 3, 'Flying dutchman crew', 168, 85, 85);
INSERT INTO CREATURE (ID, NAME, HEIGHT, WEIGHT, AGILITY) VALUES ( 4, 'Headhundter', 153, 71, 95);
INSERT INTO CREATURE (ID, NAME, HEIGHT, WEIGHT, AGILITY) VALUES ( 5, 'Headless horseman', 148, 55, 70);
INSERT INTO CREATURE (ID, NAME, HEIGHT, WEIGHT, AGILITY) VALUES ( 6, 'Mutant', 189, 48, 73);
INSERT INTO CREATURE (ID, NAME, HEIGHT, WEIGHT, AGILITY) VALUES ( 7, 'Puppet master', 173, 63, 65);
INSERT INTO CREATURE (ID, NAME, HEIGHT, WEIGHT, AGILITY) VALUES ( 8, 'Shadow', 125, 0, 100);
INSERT INTO CREATURE (ID, NAME, HEIGHT, WEIGHT, AGILITY) VALUES ( 9, 'Skeleton', 162, 13, 71);
INSERT INTO CREATURE (ID, NAME, HEIGHT, WEIGHT, AGILITY) VALUES ( 10, 'Vampire', 175, 56, 89);
INSERT INTO CREATURE (ID, NAME, HEIGHT, WEIGHT, AGILITY) VALUES ( 11, 'Zombie', 183, 51, 65);
ALTER TABLE CREATURE ALTER COLUMN ID RESTART WITH 12;

INSERT INTO WEAPON (ID, NAME, GUNREACH, AMMUNITION) VALUES ( 1, 'AK47', 200, 'Ammo');
INSERT INTO WEAPON (ID, NAME, GUNREACH, AMMUNITION) VALUES ( 2, 'Baseball bat', 1, '-');
INSERT INTO WEAPON (ID, NAME, GUNREACH, AMMUNITION) VALUES ( 3, 'Bow', 80, 'Arrows');
INSERT INTO WEAPON (ID, NAME, GUNREACH, AMMUNITION) VALUES ( 4, 'Catapult', 150, 'Huge rocks, block of stones');
INSERT INTO WEAPON (ID, NAME, GUNREACH, AMMUNITION) VALUES ( 5, 'Crossbow', 350, 'Bolts');
INSERT INTO WEAPON (ID, NAME, GUNREACH, AMMUNITION) VALUES ( 6, 'Flamethrower', 15, 'Liquid propane');
INSERT INTO WEAPON (ID, NAME, GUNREACH, AMMUNITION) VALUES ( 7, 'Knife', 1, '-');
INSERT INTO WEAPON (ID, NAME, GUNREACH, AMMUNITION) VALUES ( 8, 'Machete', 2, '-');
INSERT INTO WEAPON (ID, NAME, GUNREACH, AMMUNITION) VALUES ( 9, 'Mine', 10, '-');
INSERT INTO WEAPON (ID, NAME, GUNREACH, AMMUNITION) VALUES ( 10, 'Panzerfaust', 100, 'Rocket');
INSERT INTO WEAPON (ID, NAME, GUNREACH, AMMUNITION) VALUES ( 11, 'Rifle', 50, 'Ammo');
INSERT INTO WEAPON (ID, NAME, GUNREACH, AMMUNITION) VALUES ( 12, 'Screwdriver', 1, '-');
INSERT INTO WEAPON (ID, NAME, GUNREACH, AMMUNITION) VALUES ( 13, 'Scythe', 3, '-');
INSERT INTO WEAPON (ID, NAME, GUNREACH, AMMUNITION) VALUES ( 14, 'Slingshot', 16, 'rocks');
INSERT INTO WEAPON (ID, NAME, GUNREACH, AMMUNITION) VALUES ( 15, 'String', 1, '-');
INSERT INTO WEAPON (ID, NAME, GUNREACH, AMMUNITION) VALUES ( 16, 'Tank', 1500, 'Ammo');
INSERT INTO WEAPON (ID, NAME, GUNREACH, AMMUNITION) VALUES ( 17, 'Taser', 1, '-');
INSERT INTO WEAPON (ID, NAME, GUNREACH, AMMUNITION) VALUES ( 18, 'Throwing stars', 10, '-');
INSERT INTO WEAPON (ID, NAME, GUNREACH, AMMUNITION) VALUES ( 19, 'Torch', 1, '-');
INSERT INTO WEAPON (ID, NAME, GUNREACH, AMMUNITION) VALUES ( 20, 'Uzi', 40, 'Ammo');
ALTER TABLE WEAPON ALTER COLUMN ID RESTART WITH 21;

INSERT INTO HUNTINGEXPERIENCE (ID, WEAPON_ID, CREATURE_ID, DATEOFEXPERIENCE, EFFICIENCY, DESCRIPTION) VALUES (1, 1, 1, '2015-11-27', 100, 'Group creature be aware of crowd if you dont have enough ammo.');
INSERT INTO HUNTINGEXPERIENCE (ID, WEAPON_ID, CREATURE_ID, DATEOFEXPERIENCE, EFFICIENCY, DESCRIPTION) VALUES (3, 6, 10, '2015-1-1', 95, 'It works but it is dangerous unless it is only pile of dust.');
INSERT INTO HUNTINGEXPERIENCE (ID, WEAPON_ID, CREATURE_ID, DATEOFEXPERIENCE, EFFICIENCY, DESCRIPTION) VALUES (4, 9, 6, '2013-5-8', 20, 'They are not stupid. Mine field would be better.');
INSERT INTO HUNTINGEXPERIENCE (ID, WEAPON_ID, CREATURE_ID, DATEOFEXPERIENCE, EFFICIENCY, DESCRIPTION) VALUES (5, 2, 9, '2013-7-2', 80, 'Joints are pretty durable.');
INSERT INTO HUNTINGEXPERIENCE (ID, WEAPON_ID, CREATURE_ID, DATEOFEXPERIENCE, EFFICIENCY, DESCRIPTION) VALUES (6, 8, 3, '2012-3-18', 50, 'It was 50% chance to survive, they are skilled with kinda weapons.');
INSERT INTO HUNTINGEXPERIENCE (ID, WEAPON_ID, CREATURE_ID, DATEOFEXPERIENCE, EFFICIENCY, DESCRIPTION) VALUES (7, 19, 8, '2010-8-15', 33, 'Just to protect not to kill.');
INSERT INTO HUNTINGEXPERIENCE (ID, WEAPON_ID, CREATURE_ID, DATEOFEXPERIENCE, EFFICIENCY, DESCRIPTION) VALUES (8, 5, 4, '2011-9-28', 63, 'Jungle is too bushy.');
INSERT INTO HUNTINGEXPERIENCE (ID, WEAPON_ID, CREATURE_ID, DATEOFEXPERIENCE, EFFICIENCY, DESCRIPTION) VALUES (9, 18, 11, '2015-6-25', 12, 'Pretty useless.');
INSERT INTO HUNTINGEXPERIENCE (ID, WEAPON_ID, CREATURE_ID, DATEOFEXPERIENCE, EFFICIENCY, DESCRIPTION) VALUES (10, 11, 7, '2013-10-15', 75, 'Needs to be accurate or puppets will kill you.');
ALTER TABLE HUNTINGEXPERIENCE ALTER COLUMN ID RESTART WITH 11;

INSERT INTO CREATURE_AREA (CREATURE_ID, AREA_ID) VALUES (3, 4);
INSERT INTO CREATURE_AREA (CREATURE_ID, AREA_ID) VALUES (6, 2);
INSERT INTO CREATURE_AREA (CREATURE_ID, AREA_ID) VALUES (11, 7);
INSERT INTO CREATURE_AREA (CREATURE_ID, AREA_ID) VALUES (7, 6);
INSERT INTO CREATURE_AREA (CREATURE_ID, AREA_ID) VALUES (2, 2);
INSERT INTO CREATURE_AREA (CREATURE_ID, AREA_ID) VALUES (4, 1);
INSERT INTO CREATURE_AREA (CREATURE_ID, AREA_ID) VALUES (1, 3);
INSERT INTO CREATURE_AREA (CREATURE_ID, AREA_ID) VALUES (4, 3);
INSERT INTO CREATURE_AREA (CREATURE_ID, AREA_ID) VALUES (8, 1);
INSERT INTO CREATURE_AREA (CREATURE_ID, AREA_ID) VALUES (9, 1);
