INSERT INTO AREA (ID, NAME, DESCRIPTION, ACREAGE) VALUES (1, 'Gondor', 'Southern Númenórean realm in exile.', 1000.44);
INSERT INTO AREA (ID, NAME, DESCRIPTION, ACREAGE) VALUES (2, 'Mordor', 'Base of operations of Sauron.', 1200.88);
INSERT INTO AREA (ID, NAME, DESCRIPTION, ACREAGE) VALUES (3, 'Venice', 'City situated on 118 islands.', 414.57);
INSERT INTO AREA (ID, NAME, DESCRIPTION, ACREAGE) VALUES (4, 'Monteriggioni', 'Residence of Ezio in Tuscany.', 99);
ALTER TABLE AREA ALTER COLUMN ID RESTART WITH 5;

INSERT INTO CREATURE (ID, NAME, HEIGHT, WEIGHT, AGILITY) VALUES (1, 'Orc', 150, 60, 20);
INSERT INTO CREATURE (ID, NAME, HEIGHT, WEIGHT, AGILITY) VALUES (2, 'Balrog', 300, 3500, 5);
INSERT INTO CREATURE (ID, NAME, HEIGHT, WEIGHT, AGILITY) VALUES (3, 'Brute', 170, 110, 20);
INSERT INTO CREATURE (ID, NAME, HEIGHT, WEIGHT, AGILITY) VALUES (4, 'Seeker', 190, 70, 60);
ALTER TABLE CREATURE ALTER COLUMN ID RESTART WITH 5;

INSERT INTO WEAPON (ID, NAME, GUNREACH, AMMUNITION) VALUES (1, 'Bow', 40, 'Fire arrow');
INSERT INTO WEAPON (ID, NAME, GUNREACH, AMMUNITION) VALUES (2, 'Catapult', 25, 'Rock');
INSERT INTO WEAPON (ID, NAME, GUNREACH, AMMUNITION) VALUES (3, 'Hidden blade', 1, 'Blade');
INSERT INTO WEAPON (ID, NAME, GUNREACH, AMMUNITION) VALUES (4, 'Sword of Altair', 3, 'Sword');
ALTER TABLE WEAPON ALTER COLUMN ID RESTART WITH 5;

INSERT INTO HUNTINGEXPERIENCE (ID, WEAPON_ID, CREATURE_ID, DATEOFEXPERIENCE, EFFICIENCY, DESCRIPTION) VALUES (1, 1, 1, '2010-11-22', 50, 'Direct to head.');
INSERT INTO HUNTINGEXPERIENCE (ID, WEAPON_ID, CREATURE_ID, DATEOFEXPERIENCE, EFFICIENCY, DESCRIPTION) VALUES (2, 1, 2, '2010-11-23', 0, 'It is resist.');
INSERT INTO HUNTINGEXPERIENCE (ID, WEAPON_ID, CREATURE_ID, DATEOFEXPERIENCE, EFFICIENCY, DESCRIPTION) VALUES (3, 3, 3, '1457-5-1', 20, 'Ineffective due to heavy armor.');
INSERT INTO HUNTINGEXPERIENCE (ID, WEAPON_ID, CREATURE_ID, DATEOFEXPERIENCE, EFFICIENCY, DESCRIPTION) VALUES (4, 4, 4, '1457-11-23', 80, 'One hit kill.');
ALTER TABLE HUNTINGEXPERIENCE ALTER COLUMN ID RESTART WITH 5;

INSERT INTO CREATURE_AREA (CREATURE_ID, AREA_ID) VALUES (2, 2);
INSERT INTO CREATURE_AREA (CREATURE_ID, AREA_ID) VALUES (1, 1);
INSERT INTO CREATURE_AREA (CREATURE_ID, AREA_ID) VALUES (3, 3);
INSERT INTO CREATURE_AREA (CREATURE_ID, AREA_ID) VALUES (4, 3);